Lang,Index
Java,191.834
C,173.558
Python,107.049
C++,84.47200000000001
C#,45.962
VB .NET,59.506
JavaScript,29.274
PHP,26.447999999999993
Swift,14.426
SQL,24.168
